{
  "backend\\app\\__init__.py": 1778269151.6089349,
  "backend\\app\\api\\__init__.py": 1778269151.611791,
  "backend\\app\\brief\\__init__.py": 1778269151.6195178,
  "backend\\app\\connectors\\__init__.py": 1778269151.6154573,
  "backend\\app\\db\\__init__.py": 1778269151.6288958,
  "backend\\app\\db\\migrations\\env.py": 1778270517.0219884,
  "backend\\app\\db\\migrations\\versions\\3121f341f537_enable_pgvector.py": 1778270338.530625,
  "backend\\app\\db\\migrations\\versions\\cc441d76abde_create_all_tables.py": 1778270565.8397715,
  "backend\\app\\ingestion\\__init__.py": 1778269151.6154573,
  "backend\\app\\models\\base.py": 1778270469.7201505,
  "backend\\app\\models\\brief.py": 1778270846.4721644,
  "backend\\app\\models\\brief_delivery.py": 1778270496.2125528,
  "backend\\app\\models\\connector.py": 1778270877.504591,
  "backend\\app\\models\\evidence_ref.py": 1778270862.3445985,
  "backend\\app\\models\\insight.py": 1778270854.4382396,
  "backend\\app\\models\\insight_feed_item.py": 1778270870.3980832,
  "backend\\app\\models\\organization.py": 1778270471.7399502,
  "backend\\app\\models\\organization_member.py": 1778270475.3402712,
  "backend\\app\\models\\raw_event.py": 1778270838.5297644,
  "backend\\app\\models\\sync_cursor.py": 1778270482.8032157,
  "backend\\app\\models\\user.py": 1778270473.5715892,
  "backend\\app\\models\\__init__.py": 1778270510.6461418,
  "backend\\app\\reasoning\\__init__.py": 1778269151.6195178,
  "backend\\tests\\__init__.py": 1778269151.633462,
  "backend\\workers\\__init__.py": 1778269151.6317265,
  "frontend\\eslint.config.mjs": 1778268982.774196,
  "frontend\\next-env.d.ts": 1778268982.8795683,
  "frontend\\next.config.ts": 1778268982.8897326,
  "frontend\\postcss.config.mjs": 1778268982.8095124,
  "frontend\\app\\layout.tsx": 1778268982.9239142,
  "frontend\\app\\page.tsx": 1778268982.9297752,
  "CLAUDE.md": 1778268758.040846,
  "docs\\architecture.md": 1778268776.6088197,
  "docs\\database.md": 1778270003.185522,
  "docs\\mvp-scope.md": 1778267053.9994688,
  "docs\\Signal_Product_Research_Document.md": 1778266883.1276498,
  "frontend\\AGENTS.md": 1778269058.8138251,
  "frontend\\CLAUDE.md": 1778269058.8138251,
  "frontend\\README.md": 1778268982.754457,
  "frontend\\public\\file.svg": 1778268982.813204,
  "frontend\\public\\globe.svg": 1778268982.8299615,
  "frontend\\public\\next.svg": 1778268982.8398159,
  "frontend\\public\\vercel.svg": 1778268982.849532,
  "frontend\\public\\window.svg": 1778268982.8607972
}