{
  "backend\\seed.py": 1778365597.4380598,
  "backend\\seed_briefs.py": 1778364498.7835932,
  "backend\\start.py": 1778288662.0015874,
  "backend\\app\\config.py": 1778365918.8051991,
  "backend\\app\\main.py": 1778272303.9921105,
  "backend\\app\\api\\deps.py": 1778272298.0521183,
  "backend\\app\\api\\router.py": 1778364440.5837715,
  "backend\\app\\api\\routes\\briefs.py": 1778358636.7473,
  "backend\\app\\api\\routes\\connectors.py": 1778365922.64372,
  "backend\\app\\api\\routes\\orgs.py": 1778286454.8367598,
  "backend\\app\\api\\routes\\pulse.py": 1778364432.4606938,
  "backend\\app\\api\\routes\\__init__.py": 1778284138.419004,
  "backend\\app\\connectors\\zendesk.py": 1778284137.3613257,
  "backend\\app\\db\\session.py": 1778272293.4440634,
  "backend\\app\\db\\migrations\\versions\\1df21e0b607b_add_clerk_id_to_users.py": 1778286429.89386,
  "backend\\app\\db\\migrations\\versions\\4e0e576f4929_add_pulse_fields_to_feed_items.py": 1778364396.0412104,
  "backend\\app\\db\\migrations\\versions\\c415207d3cc8_add_category_affected_count_to_insights.py": 1778358603.2274694,
  "backend\\app\\db\\migrations\\versions\\fd09b2ab17f2_make_raw_event_id_nullable_on_evidence_.py": 1778360929.9242592,
  "backend\\app\\models\\evidence_ref.py": 1778360910.6910224,
  "backend\\app\\models\\insight.py": 1778358586.4179251,
  "backend\\app\\models\\insight_feed_item.py": 1778364385.7212617,
  "backend\\app\\models\\user.py": 1778286327.864166,
  "backend\\workers\\brief.py": 1778358631.423413,
  "backend\\workers\\celery_app.py": 1778286080.8753786,
  "backend\\workers\\cluster.py": 1778286032.338535,
  "backend\\workers\\deliver.py": 1778286056.009774,
  "backend\\workers\\embed.py": 1778364425.457595,
  "backend\\workers\\pulse.py": 1778364418.7405868,
  "backend\\workers\\reason.py": 1778358626.764817,
  "frontend\\next-env.d.ts": 1778354583.8764162,
  "frontend\\proxy.ts": 1778355062.7202811,
  "frontend\\app\\layout.tsx": 1778358134.5938034,
  "frontend\\app\\page.tsx": 1778355551.3705325,
  "frontend\\app\\(app)\\layout.tsx": 1778358298.8255455,
  "frontend\\app\\(app)\\briefs\\[id]\\page.tsx": 1778358670.301016,
  "frontend\\app\\(app)\\connectors\\connect-zendesk.tsx": 1778354186.8549688,
  "frontend\\app\\(app)\\connectors\\page.tsx": 1778354175.113388,
  "frontend\\app\\(app)\\connectors\\sync-button.tsx": 1778354192.8929718,
  "frontend\\app\\(app)\\dashboard\\generate-button.tsx": 1778354145.751994,
  "frontend\\app\\(app)\\dashboard\\page.tsx": 1778354140.297341,
  "frontend\\app\\(app)\\pulse\\page.tsx": 1778364476.2737985,
  "frontend\\app\\(auth)\\sign-in\\[[...rest]]\\page.tsx": 1778355304.9522197,
  "frontend\\app\\(auth)\\sign-up\\[[...rest]]\\page.tsx": 1778355306.1256099,
  "frontend\\app\\api\\auth\\zendesk\\callback\\route.ts": 1778354252.7158616,
  "frontend\\app\\onboarding\\page.tsx": 1778354111.6843774,
  "frontend\\components\\sidebar.tsx": 1778364246.0259974,
  "frontend\\components\\theme-provider.tsx": 1778357887.507567,
  "frontend\\components\\theme-toggle.tsx": 1778357892.4868927,
  "frontend\\components\\touch-init.tsx": 1778357817.4407554,
  "frontend\\components\\ui\\badge.tsx": 1778354065.8067844,
  "frontend\\components\\ui\\button.tsx": 1778358125.8008244,
  "frontend\\components\\ui\\card.tsx": 1778354059.7101026,
  "frontend\\lib\\api.ts": 1778364452.180246,
  "frontend\\lib\\utils.ts": 1778353996.6164892,
  "CLAUDE.md": 1778288981.1421576,
  "README.md": 1778365927.0313275,
  "backend\\requirements.txt": 1778284746.8810396,
  "docs\\architecture.md": 1778364853.6038697,
  "docs\\mvp-scope.md": 1778364527.0254412,
  "graphify-out\\graph.html": 1778369934.8004391,
  "graphify-out\\GRAPH_REPORT.md": 1778369920.1125488
}